<?xml version="1.0" encoding="UTF-8"?>
<project version="4">
  <component name="AutoImportSettings">
    <option name="autoReloadType" value="SELECTIVE" />
  </component>
  <component name="CMakePresetLoader"><![CDATA[{
  "useNewFormat": true
}]]></component>
  <component name="CMakeSettings">
    <configurations>
      <configuration PROFILE_NAME="Debug" ENABLED="true" CONFIG_NAME="Debug" />
    </configurations>
  </component>
  <component name="ChangeListManager">
    <list default="true" id="c8e9ef02-0d08-44c8-ac54-9e9df0c83257" name="Changes" comment="" />
    <option name="SHOW_DIALOG" value="false" />
    <option name="HIGHLIGHT_CONFLICTS" value="true" />
    <option name="HIGHLIGHT_NON_ACTIVE_CHANGELIST" value="false" />
    <option name="LAST_RESOLUTION" value="IGNORE" />
  </component>
  <component name="ClangdSettings">
    <option name="formatViaClangd" value="false" />
  </component>
  <component name="MarkdownSettingsMigration">
    <option name="stateVersion" value="1" />
  </component>
  <component name="ProjectApplicationVersion">
    <option name="ide" value="CLion" />
    <option name="majorVersion" value="2022" />
    <option name="minorVersion" value="3.2" />
  </component>
  <component name="ProjectId" id="2WYbKiwq6wcAeXIFADdmneTG3TQ" />
  <component name="ProjectViewState">
    <option name="hideEmptyMiddlePackages" value="true" />
    <option name="showLibraryContents" value="true" />
  </component>
  <component name="PropertiesComponent"><![CDATA[{
  "keyToString": {
    "RunOnceActivity.OpenProjectViewOnStart": "true",
    "RunOnceActivity.ShowReadmeOnStart": "true",
    "RunOnceActivity.cidr.known.project.marker": "true",
    "WebServerToolWindowFactoryState": "false",
    "cf.first.check.clang-format": "false",
    "cidr.known.project.marker": "true",
    "node.js.detected.package.eslint": "true",
    "node.js.detected.package.tslint": "true",
    "node.js.selected.package.eslint": "(autodetect)",
    "node.js.selected.package.tslint": "(autodetect)",
    "settings.editor.selected.configurable": "CPPToolchains",
    "vue.rearranger.settings.migration": "true"
  }
}]]></component>
  <component name="SpellCheckerSettings" RuntimeDictionaries="0" Folders="0" CustomDictionaries="0" DefaultDictionary="application-level" UseSingleDictionary="true" transferred="true" />
  <component name="TaskManager">
    <task active="true" id="Default" summary="Default task">
      <changelist id="c8e9ef02-0d08-44c8-ac54-9e9df0c83257" name="Changes" comment="" />
      <created>1696912399438</created>
      <option name="number" value="Default" />
      <option name="presentableId" value="Default" />
      <updated>1696912399438</updated>
      <workItem from="1696912402178" duration="610000" />
    </task>
    <servers />
  </component>
  <component name="TypeScriptGeneratedFilesManager">
    <option name="version" value="3" />
  </component>
</project>